INSERT INTO studio.customers (id, name, logo, active) VALUES (16, 'Zalando', 'zalando.png', 1);
INSERT INTO studio.customers (id, name, logo, active) VALUES (17, 'About You', '', 0);
INSERT INTO studio.customers (id, name, logo, active) VALUES (18, 'Galeria Kaufhof', 'kaufhof.jpg', 1);
INSERT INTO studio.customers (id, name, logo, active) VALUES (19, 'Anton Meyer', 'antonmeyer.png', 1);
INSERT INTO studio.customers (id, name, logo, active) VALUES (20, 'ChalTec', 'chaltec.jpg', 1);
INSERT INTO studio.customers (id, name, logo, active) VALUES (65, 'logo_test', 'logo0.png', 0);
INSERT INTO studio.customers_retour (id, customerID, street, postal, city, person, comment, active) VALUES (5, 16, 'Lagerweg 1', 12345, 'Gladbach', 'RetourCenter', '', 1);
INSERT INTO studio.customers_retour (id, customerID, street, postal, city, person, comment, active) VALUES (6, 17, 'OttoWeg 3', 21211, 'Berlin', 'Lena', '', 1);
INSERT INTO studio.customers_retour (id, customerID, street, postal, city, person, comment, active) VALUES (8, 19, 'Auf der Alm 9', 12252, 'Berlin', 'Thomas', '', 1);
INSERT INTO studio.customers_retour (id, customerID, street, postal, city, person, comment, active) VALUES (9, 20, 'sadasd', 23211, 'adasdasda', 'Rickmer', '', 1);
INSERT INTO studio.customers_retour (id, customerID, street, postal, city, person, comment, active) VALUES (12, 18, 'Bahnhof', 85478, 'Dort', 'Klaus', '', 1);
INSERT INTO studio.customers_retour (id, customerID, street, postal, city, person, comment, active) VALUES (27, 18, 'Kaufhalle 6', 12552, 'Berlin', 'Timon', '', 1);
INSERT INTO studio.customers_retour (id, customerID, street, postal, city, person, comment, active) VALUES (40, 18, 'Strasse 1', 123, 'Hier', 'Peter', 'Yoyoyoy', 0);
INSERT INTO studio.customers_retour (id, customerID, street, postal, city, person, comment, active) VALUES (43, 18, 'Schreiberhauer', 12345, 'Buxtehuden', 'Chris', '', 0);
INSERT INTO studio.customers_retour (id, customerID, street, postal, city, person, comment, active) VALUES (48, 18, 'abc', 123, 'abc', 'abc', 'abc', 0);
INSERT INTO studio.customers_retour (id, customerID, street, postal, city, person, comment, active) VALUES (53, 18, 'Kaufhalle 6', 12552, 'Berlin', 'Timo', '', 0);
INSERT INTO studio.customers_retour (id, customerID, street, postal, city, person, comment, active) VALUES (61, 18, 'Kaufhalle 6', 12559, 'Berlin', 'Timo', '', 0);
INSERT INTO studio.customers_retour (id, customerID, street, postal, city, person, comment, active) VALUES (63, 18, 'Kaufhalle 61', 12556, 'Berlin', 'Timo', '', 1);
INSERT INTO studio.customers_user (id, customerID, userID) VALUES (7, 7, 5);
INSERT INTO studio.customers_user (id, customerID, userID) VALUES (8, 8, 5);
INSERT INTO studio.customers_user (id, customerID, userID) VALUES (9, 9, 5);
INSERT INTO studio.customers_user (id, customerID, userID) VALUES (5, 16, 5);
INSERT INTO studio.customers_user (id, customerID, userID) VALUES (48, 17, 5);
INSERT INTO studio.customers_user (id, customerID, userID) VALUES (55, 18, 4);
INSERT INTO studio.customers_user (id, customerID, userID) VALUES (45, 18, 5);
INSERT INTO studio.customers_user (id, customerID, userID) VALUES (54, 65, 5);
INSERT INTO studio.options_comment (id, name, identifier, icon, visible, sort, depth) VALUES (1, 'Produktion', 'production', 'photo_camera', 1, 1, 1);
INSERT INTO studio.options_comment (id, name, identifier, icon, visible, sort, depth) VALUES (2, 'Logistik', 'logistic', 'store', 1, 1, 1);
INSERT INTO studio.options_gender (id, name, icon, visible, sort) VALUES (1, 'Mann', 'fa-male', 1, 1);
INSERT INTO studio.options_gender (id, name, icon, visible, sort) VALUES (2, 'Frau', 'fa-female', 1, 2);
INSERT INTO studio.options_gender (id, name, icon, visible, sort) VALUES (3, 'Umstandsmode', 'pregnant_woman', 1, 3);
INSERT INTO studio.options_gender (id, name, icon, visible, sort) VALUES (4, 'Junge', 'icon-student', 1, 5);
INSERT INTO studio.options_gender (id, name, icon, visible, sort) VALUES (5, 'Mädchen', 'icon-girl', 1, 6);
INSERT INTO studio.options_gender (id, name, icon, visible, sort) VALUES (6, 'Kind', 'icon-kids', 1, 4);
INSERT INTO studio.options_gender (id, name, icon, visible, sort) VALUES (7, 'Uni', null, 1, 0);
INSERT INTO studio.options_wg (id, name, icon, visible, sort, groupID, depth) VALUES (1, 'Schuhe', null, 1, 1, 1, 1);
INSERT INTO studio.options_wg (id, name, icon, visible, sort, groupID, depth) VALUES (2, 'Textil', null, 1, 1, 2, 1);
INSERT INTO studio.options_wg (id, name, icon, visible, sort, groupID, depth) VALUES (3, 'Textil', null, 1, 1, 3, 1);
INSERT INTO studio.options_wg (id, name, icon, visible, sort, groupID, depth) VALUES (4, 'Blusen/Hemden', null, 1, 2, 3, 1);
INSERT INTO studio.options_wg (id, name, icon, visible, sort, groupID, depth) VALUES (5, 'Textil', null, 1, 1, 4, 1);
INSERT INTO studio.options_wg (id, name, icon, visible, sort, groupID, depth) VALUES (6, 'Mäntel/Jacken', null, 1, 2, 4, 1);
INSERT INTO studio.options_wg (id, name, icon, visible, sort, groupID, depth) VALUES (7, 'Textil', null, 1, 1, 7, 1);
INSERT INTO studio.options_wg (id, name, icon, visible, sort, groupID, depth) VALUES (8, 'Strumpfwaren', null, 1, 2, 7, 1);
INSERT INTO studio.options_wg (id, name, icon, visible, sort, groupID, depth) VALUES (9, 'Textil', null, 1, 1, 8, 1);
INSERT INTO studio.options_wg (id, name, icon, visible, sort, groupID, depth) VALUES (10, 'Wäsche/Bademoden', null, 1, 2, 8, 1);
INSERT INTO studio.options_wg (id, name, icon, visible, sort, groupID, depth) VALUES (11, 'Textil', null, 1, 1, 9, 1);
INSERT INTO studio.options_wg (id, name, icon, visible, sort, groupID, depth) VALUES (12, 'Oberbekleidung', null, 1, 2, 9, 1);
INSERT INTO studio.options_wg (id, name, icon, visible, sort, groupID, depth) VALUES (13, 'Textil', null, 1, 1, 10, 1);
INSERT INTO studio.options_wg (id, name, icon, visible, sort, groupID, depth) VALUES (14, 'Beinbekleidung', null, 1, 2, 10, 1);
INSERT INTO studio.options_wg (id, name, icon, visible, sort, groupID, depth) VALUES (15, 'Textil', null, 1, 1, 11, 1);
INSERT INTO studio.options_wg (id, name, icon, visible, sort, groupID, depth) VALUES (16, 'Kleider/Anzüge', null, 1, 2, 11, 1);
INSERT INTO studio.options_wg (id, name, icon, visible, sort, groupID, depth) VALUES (17, 'Accessoires', null, 1, 1, 12, 1);
INSERT INTO studio.options_wg (id, name, icon, visible, sort, groupID, depth) VALUES (18, 'Accessoires', null, 1, 1, 13, 1);
INSERT INTO studio.options_wg (id, name, icon, visible, sort, groupID, depth) VALUES (19, 'Gürtel', null, 1, 2, 13, 1);
INSERT INTO studio.options_wg (id, name, icon, visible, sort, groupID, depth) VALUES (20, 'Accessoires', null, 1, 1, 14, 1);
INSERT INTO studio.options_wg (id, name, icon, visible, sort, groupID, depth) VALUES (21, 'Brillen', null, 1, 2, 14, 1);
INSERT INTO studio.options_wg (id, name, icon, visible, sort, groupID, depth) VALUES (22, 'Accessoires', null, 1, 1, 15, 1);
INSERT INTO studio.options_wg (id, name, icon, visible, sort, groupID, depth) VALUES (23, 'Schmuck', null, 1, 2, 15, 1);
INSERT INTO studio.options_wg (id, name, icon, visible, sort, groupID, depth) VALUES (24, 'Accessoires', null, 1, 1, 16, 1);
INSERT INTO studio.options_wg (id, name, icon, visible, sort, groupID, depth) VALUES (25, 'Halsbekleidung', null, 1, 2, 16, 1);
INSERT INTO studio.options_wg (id, name, icon, visible, sort, groupID, depth) VALUES (26, 'Accessoires', null, 1, 1, 17, 1);
INSERT INTO studio.options_wg (id, name, icon, visible, sort, groupID, depth) VALUES (27, 'Kopfbedeckung', null, 1, 2, 17, 1);
INSERT INTO studio.options_wg (id, name, icon, visible, sort, groupID, depth) VALUES (28, 'Accessoires', null, 1, 1, 18, 1);
INSERT INTO studio.options_wg (id, name, icon, visible, sort, groupID, depth) VALUES (29, 'Taschen', null, 1, 2, 18, 1);
INSERT INTO studio.options_wg (id, name, icon, visible, sort, groupID, depth) VALUES (30, 'Accessoires', null, 1, 1, 19, 1);
INSERT INTO studio.options_wg (id, name, icon, visible, sort, groupID, depth) VALUES (31, 'Beauty', null, 1, 2, 19, 1);
INSERT INTO studio.options_wg (id, name, icon, visible, sort, groupID, depth) VALUES (32, 'Accessoires', null, 1, 1, 20, 1);
INSERT INTO studio.options_wg (id, name, icon, visible, sort, groupID, depth) VALUES (33, 'Uhren', null, 1, 2, 20, 1);
INSERT INTO studio.options_wg (id, name, icon, visible, sort, groupID, depth) VALUES (34, 'Accessoires', null, 1, 1, 21, 1);
INSERT INTO studio.options_wg (id, name, icon, visible, sort, groupID, depth) VALUES (35, 'Handbekleidung', null, 1, 2, 21, 1);
INSERT INTO studio.options_wg (id, name, icon, visible, sort, groupID, depth) VALUES (36, 'Home', null, 1, 1, 22, 1);
INSERT INTO studio.options_wg (id, name, icon, visible, sort, groupID, depth) VALUES (37, 'Sonstiges', null, 1, 1, 27, 1);
INSERT INTO studio.options_wg (id, name, icon, visible, sort, groupID, depth) VALUES (38, 'Lebensmittel', null, 1, 1, 35, 1);
INSERT INTO studio.options_wg (id, name, icon, visible, sort, groupID, depth) VALUES (39, 'Accessoires', null, 1, 1, 36, 1);
INSERT INTO studio.options_wg (id, name, icon, visible, sort, groupID, depth) VALUES (40, 'Portemonnaie', null, 1, 2, 36, 1);
INSERT INTO studio.options_wg (id, name, icon, visible, sort, groupID, depth) VALUES (41, 'Textil', null, 1, 1, 38, 1);
INSERT INTO studio.options_wg (id, name, icon, visible, sort, groupID, depth) VALUES (42, 'Wäsche/Bademode', null, 1, 2, 38, 1);
INSERT INTO studio.options_wg (id, name, icon, visible, sort, groupID, depth) VALUES (43, 'Multipack', null, 1, 3, 38, 1);
INSERT INTO studio.orders (id, customerID, userID, created, comment, retourID, date_delivery, date_return_data, date_return_article, changed) VALUES (27, 19, 5, '2017-06-22 17:22:46', '4444', null, null, null, null, '2018-11-09 10:40:42');
INSERT INTO studio.orders (id, customerID, userID, created, comment, retourID, date_delivery, date_return_data, date_return_article, changed) VALUES (28, 20, 5, '2017-07-20 14:21:55', 'xyz', null, null, null, null, '2018-11-09 10:40:42');
INSERT INTO studio.orders (id, customerID, userID, created, comment, retourID, date_delivery, date_return_data, date_return_article, changed) VALUES (32, 18, 1, '2018-11-08 04:36:32', 'testko', null, '2018-11-28 12:00:00', null, null, '2018-11-09 10:40:42');
INSERT INTO studio.orders (id, customerID, userID, created, comment, retourID, date_delivery, date_return_data, date_return_article, changed) VALUES (33, 16, 1, '2018-11-09 11:30:57', 'testkom', null, '2018-11-28 12:00:00', '2018-11-12 12:00:00', '2018-11-29 12:00:00', '2018-11-13 08:54:18');
INSERT INTO studio.orders (id, customerID, userID, created, comment, retourID, date_delivery, date_return_data, date_return_article, changed) VALUES (45, 19, 1, '2018-11-13 03:11:28', 'Teerest', null, null, null, null, null);
INSERT INTO studio.orders (id, customerID, userID, created, comment, retourID, date_delivery, date_return_data, date_return_article, changed) VALUES (47, 20, 1, '2018-11-14 04:39:52', null, null, null, null, null, '2018-11-22 04:16:14');
INSERT INTO studio.orders_articlegroup (cgID, genderID, process, amount, orderID, articleGroupID) VALUES (19, 2, '[2, 3]', 11, 44, 1);
INSERT INTO studio.orders_articlegroup (cgID, genderID, process, amount, orderID, articleGroupID) VALUES (36, 1, '[4, 5]', 33, 44, 2);
INSERT INTO studio.orders_articlegroup (cgID, genderID, process, amount, orderID, articleGroupID) VALUES (19, 2, '[2, 3]', 11, 45, 3);
INSERT INTO studio.orders_articlegroup (cgID, genderID, process, amount, orderID, articleGroupID) VALUES (36, 1, '[4, 5]', 33, 45, 4);
INSERT INTO studio.orders_articlegroup (cgID, genderID, process, amount, orderID, articleGroupID) VALUES (19, 2, '[2, 3]', 11, 46, 5);
INSERT INTO studio.orders_articlegroup (cgID, genderID, process, amount, orderID, articleGroupID) VALUES (36, 1, '[4, 5]', 33, 46, 6);
INSERT INTO studio.orders_articlegroup (cgID, genderID, process, amount, orderID, articleGroupID) VALUES (21, 1, '[2, 3]', 8, 47, 15);
INSERT INTO studio.orders_articlegroup (cgID, genderID, process, amount, orderID, articleGroupID) VALUES (17, 2, '[7, 8]', 24, 47, 16);
INSERT INTO studio.orders_user (id, orderID, userID, created) VALUES (1, 13, 5, '2017-05-12 10:56:49');
INSERT INTO studio.orders_user (id, orderID, userID, created) VALUES (2, 14, 5, '2017-05-12 11:01:20');
INSERT INTO studio.orders_user (id, orderID, userID, created) VALUES (3, 17, 5, '2017-05-12 11:06:33');
INSERT INTO studio.orders_user (id, orderID, userID, created) VALUES (4, 19, 4, '2017-06-19 12:22:15');
INSERT INTO studio.orders_user (id, orderID, userID, created) VALUES (5, 20, 5, '2017-06-22 17:05:20');
INSERT INTO studio.orders_user (id, orderID, userID, created) VALUES (6, 21, 5, '2017-06-22 17:12:31');
INSERT INTO studio.orders_user (id, orderID, userID, created) VALUES (7, 26, 5, '2017-06-22 17:22:29');
INSERT INTO studio.orders_user (id, orderID, userID, created) VALUES (8, 27, 5, '2017-06-22 17:22:46');
INSERT INTO studio.orders_user (id, orderID, userID, created) VALUES (9, 28, 5, '2017-07-20 14:21:55');
INSERT INTO studio.processes (id, description, active) VALUES (8, 'GT', 0);
INSERT INTO studio.processes (id, description, active) VALUES (9, 'kk', 0);
INSERT INTO studio.processes (id, description, active) VALUES (10, 'kj_2', 1);
INSERT INTO studio.processes (id, description, active) VALUES (15, 'ww', 0);
INSERT INTO studio.processes (id, description, active) VALUES (21, 'tta', 1);
INSERT INTO studio.processes (id, description, active) VALUES (22, 'dopp', 0);
INSERT INTO studio.roles (id, name, category, right_team_edit_role, right_team_edit_data, right_team_edit, right_team_post) VALUES (1, 'Mitglied', 'team', null, null, null, null);
INSERT INTO studio.roles (id, name, category, right_team_edit_role, right_team_edit_data, right_team_edit, right_team_post) VALUES (5, 'Moderator', 'team', 1, null, 1, 1);
INSERT INTO studio.roles (id, name, category, right_team_edit_role, right_team_edit_data, right_team_edit, right_team_post) VALUES (10, 'Administrator', 'team', 1, 1, 1, 1);
INSERT INTO studio.stages (id, name, active, icon, short, type, department) VALUES (1, 'Puppe', 1, ' ', '', 'Freisteller', 'Foto');
INSERT INTO studio.stages (id, name, active, icon, short, type, department) VALUES (2, 'Legetisch', 1, ' ', '', 'Freisteller', 'Foto');
INSERT INTO studio.stages (id, name, active, icon, short, type, department) VALUES (3, 'Schuhtisch', 1, ' ', '', 'Freisteller', 'Foto');
INSERT INTO studio.stages (id, name, active, icon, short, type, department) VALUES (4, 'Cube', 1, ' ', '', 'Freisteller', 'Foto');
INSERT INTO studio.stages (id, name, active, icon, short, type, department) VALUES (5, 'OrbitVu', 1, ' ', '', 'Freisteller', 'Foto');
INSERT INTO studio.stages (id, name, active, icon, short, type, department) VALUES (6, 'Looklet', 1, ' ', '', 'Freisteller', 'Foto');
INSERT INTO studio.stages (id, name, active, icon, short, type, department) VALUES (7, 'Model FS', 1, ' ', '', 'Model', 'Foto');
INSERT INTO studio.stages (id, name, active, icon, short, type, department) VALUES (8, 'Model', 1, ' ', '', 'Model', 'Foto');
INSERT INTO studio.stages (id, name, active, icon, short, type, department) VALUES (9, 'Looklet', 1, ' ', '', 'Freisteller', 'Foto');
INSERT INTO studio.stages (id, name, active, icon, short, type, department) VALUES (10, 'Looklet', 1, ' ', '', 'Model', 'Foto');
INSERT INTO studio.stages (id, name, active, icon, short, type, department) VALUES (11, 'PostProduction', 1, ' ', '', 'PostProduction', 'PostProduction');
INSERT INTO studio.stages (id, name, active, icon, short, type, department) VALUES (12, 'Content', 1, ' ', '', 'Content', 'Content');
INSERT INTO studio.stagesets (id, processID, stageID, optional, final) VALUES (1, 9, 2, 0, 0);
INSERT INTO studio.stagesets (id, processID, stageID, optional, final) VALUES (3, 15, 2, 0, 0);
INSERT INTO studio.stagesets (id, processID, stageID, optional, final) VALUES (6, 22, 1, 0, 0);
INSERT INTO studio.stagesets (id, processID, stageID, optional, final) VALUES (7, 22, 2, 0, 0);
INSERT INTO studio.stagesets (id, processID, stageID, optional, final) VALUES (27, 10, 1, 0, 1);
INSERT INTO studio.stagesets (id, processID, stageID, optional, final) VALUES (28, 10, 2, 0, 0);
INSERT INTO studio.stagesets (id, processID, stageID, optional, final) VALUES (29, 10, 3, 0, 0);
INSERT INTO studio.stagesets (id, processID, stageID, optional, final) VALUES (78, 21, 1, 0, 0);
INSERT INTO studio.stagesets (id, processID, stageID, optional, final) VALUES (79, 21, 2, 0, 0);
INSERT INTO studio.teams (id, name, openJoin, description, dateCreate, userCreate, avatar, avatar_alt) VALUES (25, 'System_Logistik', 0, 'Zugriffsberechtigung für Logistikbereich', '2017-06-23 17:43:40', 5, 'avatar_System_Logistik.png', '61');
INSERT INTO studio.teams (id, name, openJoin, description, dateCreate, userCreate, avatar, avatar_alt) VALUES (26, 'System_Produktion', 0, 'Zugriffsberechtigung für Produktionsbereich', '2017-06-23 17:45:20', 5, 'avatar_System_Produktion.png', '159');
INSERT INTO studio.teams_post (id, teamID, userID, dateSend, title, message) VALUES (60, 25, 5, '2017-07-04 15:14:44', 'Titel 1', 'Nachricht 1');
INSERT INTO studio.teams_post (id, teamID, userID, dateSend, title, message) VALUES (61, 25, 7, '2017-07-04 15:18:17', 'Titel 2', 'Nachricht 2');
INSERT INTO studio.teams_post (id, teamID, userID, dateSend, title, message) VALUES (62, 25, 7, '2017-07-04 15:25:07', 'test', 'test');
INSERT INTO studio.teams_post (id, teamID, userID, dateSend, title, message) VALUES (63, 25, 5, '2017-07-04 15:25:39', 'tt', 'tt');
INSERT INTO studio.teams_post (id, teamID, userID, dateSend, title, message) VALUES (64, 25, 5, '2017-07-04 15:26:22', '1', '1');
INSERT INTO studio.teams_post (id, teamID, userID, dateSend, title, message) VALUES (65, 25, 5, '2017-07-04 15:26:48', '22', '22');
INSERT INTO studio.teams_post (id, teamID, userID, dateSend, title, message) VALUES (66, 25, 5, '2017-07-04 15:27:29', '3', '3');
INSERT INTO studio.teams_post (id, teamID, userID, dateSend, title, message) VALUES (67, 25, 7, '2017-07-04 15:28:04', '4', '4');
INSERT INTO studio.teams_post (id, teamID, userID, dateSend, title, message) VALUES (68, 25, 7, '2017-07-04 15:39:52', '5', '5');
INSERT INTO studio.teams_post (id, teamID, userID, dateSend, title, message) VALUES (69, 25, 5, '2017-07-04 15:40:33', 'c5', 'c5');
INSERT INTO studio.teams_post (id, teamID, userID, dateSend, title, message) VALUES (70, 25, 7, '2017-07-04 16:04:31', 'c7', 'c7');
INSERT INTO studio.teams_post (id, teamID, userID, dateSend, title, message) VALUES (71, 25, 5, '2017-07-04 16:05:15', 'b5', 'b5');
INSERT INTO studio.teams_post (id, teamID, userID, dateSend, title, message) VALUES (72, 25, 5, '2017-07-19 15:58:28', 'xy', 'zz');
INSERT INTO studio.teams_user (id, teamID, userID, dateJoin, roleID) VALUES (55, 25, 5, '2017-06-23 17:43:40', 10);
INSERT INTO studio.teams_user (id, teamID, userID, dateJoin, roleID) VALUES (56, 26, 5, '2017-06-23 17:45:20', 10);
INSERT INTO studio.teams_user (id, teamID, userID, dateJoin, roleID) VALUES (58, 25, 7, '2017-07-04 15:17:39', 5);
INSERT INTO studio.user (id, username, email, register, login, session_token, session_update, roles, password, salt, prename, lastname, avatar, avatar_alt, lastRead) VALUES (1, 'udo', 'walz', null, null, null, null, null, null, null, null, null, null, 0, null);
INSERT INTO studio.user (id, username, email, register, login, session_token, session_update, roles, password, salt, prename, lastname, avatar, avatar_alt, lastRead) VALUES (3, 'klausi', 'klaus', null, null, null, null, 'User,Admin', '5b650e339cadbc8c841a41bdb707e47f7f7121395f9fd27500be848d75bb91651d33dfcaecb0bfe506e5333df4678dea8566467106846de95f07c7d3785d3ee9', 'b1b4a41be1f7', null, null, null, 0, null);
INSERT INTO studio.user (id, username, email, register, login, session_token, session_update, roles, password, salt, prename, lastname, avatar, avatar_alt, lastRead) VALUES (4, 'tim', 'tim@tim', null, null, 'eyJhbGciOiJIUzI1NiIsInR5cCI6IkpXVCJ9.eyJpZCI6NCwidXNlcm5hbWUiOiJ0aW0iLCJlbWFpbCI6InRpbUB0aW0iLCJyb2xlcyI6WyJVc2VyIl0sImxvZ2luIjpudWxsLCJpYXQiOjE0OTA5NjMyMjMsImV4cCI6MTQ5MDk5OTIyM30.ywqlaRHBwzxygbLhCqO1Djrd9hF8VbzPz73v_CjxLLo', null, 'User', '1e17314890918d9989411bea7daf1e7d1d9265c01582dadd5fbf3753e8cf002a30a726fcb46b2e344cad07cc3cfee6dd0d785d0aea5718432def0d4007534191', 'd3ed5e8a6bfa', 'Tim', 'Musterman', null, 130, '2017-03-31 17:14:03');
INSERT INTO studio.user (id, username, email, register, login, session_token, session_update, roles, password, salt, prename, lastname, avatar, avatar_alt, lastRead) VALUES (5, 'chris', 'christopher.jurthe@zuumeo.com', null, '2017-03-21 16:00:00', 'eyJhbGciOiJIUzI1NiIsInR5cCI6IkpXVCJ9.eyJpZCI6NSwidXNlcm5hbWUiOiJjaHJpcyIsImVtYWlsIjoiY2hyaXN0b3BoZXIuanVydGhlQHp1dW1lby5jb20iLCJyb2xlcyI6WyJVc2VyIl0sInRlYW1zIjpbIlN5c3RlbV9Mb2dpc3RpayIsIlN5c3RlbV9Qcm9kdWt0aW9uIl0sImxvZ2luIjoiMjAxNy0wMy0yMVQxNTowMDowMC4wMDBaIiwiaWF0IjoxNTA1ODA3MTg3LCJleHAiOjE1MDU4NDMxODd9.Ghs0vWSTxZ-IV82msTs3Ik0Q9STUzAycgIu89Wlz3yw', null, 'User', '29b46eb1e8289489453e9c18659dbb2aae954debd96492cc7eb14fe8d289a0766866814b739455d8b22f7a964132f668b3351f9e953442bd00e482bb4fe30070', '6fa3d7ba6af4', 'Christopher', 'Jurthe', null, 200, '2017-09-18 13:20:08');
INSERT INTO studio.user (id, username, email, register, login, session_token, session_update, roles, password, salt, prename, lastname, avatar, avatar_alt, lastRead) VALUES (7, 'chr', 'christopher.jurthe@zuumeo.com', null, null, 'eyJhbGciOiJIUzI1NiIsInR5cCI6IkpXVCJ9.eyJpZCI6NywidXNlcm5hbWUiOiJjaHIiLCJlbWFpbCI6ImNocmlzdG9waGVyLmp1cnRoZUB6dXVtZW8uY29tIiwicm9sZXMiOlsiVXNlciJdLCJ0ZWFtcyI6WyJTeXN0ZW1fTG9naXN0aWsiXSwibG9naW4iOm51bGwsImlhdCI6MTQ5OTE3NzAwNCwiZXhwIjoxNDk5MjEzMDA0fQ.c0hc1vy6LNWRlWX_g29XY9Kvc3YAcgXWfjg1r13Vino', null, 'User', '4cf68f6c6037dfc6c2b9bca1a82d74099aa99aa6815d2c681092c0935586bddfdf4e2084ae8ebf2eba472ab030e496080edb406e061b5fbe559920f8d85de059', '222d708dbbe8', 'Chris', 'Test', null, 96, '2017-07-04 16:04:33');
INSERT INTO studio.user_is (userID, name, created) VALUES (4, 'keyaccount', '2017-07-28 16:56:59');
INSERT INTO studio.user_is (userID, name, created) VALUES (5, 'keyaccount', '2017-04-05 12:23:43');
INSERT INTO studio.user_log (id, userID, created, is_read, content, prio) VALUES (1, 5, '2017-07-20 14:21:55', null, 'Du wurdest im Auftrag <multilink linktype=''order'' orderid=''28''></multilink> als zuständiger Keyaccount hinterlegt.', 0);